City_ID,City,Lat,Lng,Max Temp,Humidity,Cloudiness,Wind Speed,Country,Date
0,kailua-kona,19.6406,-155.9956,24.98,87,100,0.45,US,1700475844
1,montepuez,-13.1256,38.9997,35.9,25,0,3.06,MZ,1700475846
2,boyolangu,-8.1181,111.8935,27.25,77,75,4.36,ID,1700475848
3,wailua homesteads,22.0669,-159.378,21.44,89,100,9.77,US,1700475850
4,port augusta,-32.5,137.7667,18.05,76,100,8.48,AU,1700475852
5,xiaoweizhai,26.1903,107.5125,15.31,70,0,1.42,CN,1700475854
6,saint charles,38.7667,-90.7335,10.85,55,100,2.57,US,1700475587
7,georgetown,5.4112,100.3354,29.97,70,20,3.6,MY,1700475858
8,saipan,15.1355,145.701,27.39,94,75,3.6,MP,1700475860
9,waitangi,-43.9535,-176.5597,11.57,86,100,2.24,NZ,1700475861
10,mount pearl,47.5166,-52.7813,0.41,89,20,3.09,CA,1700475862
11,hithadhoo,-0.6,73.0833,28.0,75,58,6.76,MV,1700475864
12,vega de alatorre,20.0333,-96.6333,22.89,80,1,4.57,MX,1700475866
13,bethel,41.3712,-73.414,1.78,68,0,0.45,US,1700475867
14,olonkinbyen,70.9221,-8.7187,1.32,95,100,4.18,SJ,1700475869
15,iqaluit,63.7506,-68.5145,-5.15,85,100,11.32,CA,1700475870
16,pisco,-13.7,-76.2167,19.03,88,100,2.57,PE,1700475854
17,papatowai,-46.5619,169.4708,9.3,90,11,2.55,NZ,1700475874
18,brookings,44.3114,-96.7984,7.32,84,100,4.63,US,1700475827
19,new norfolk,-42.7826,147.0587,15.72,91,100,1.17,AU,1700475877
20,port alfred,-33.5906,26.891,23.99,81,100,3.13,ZA,1700475878
21,port mathurin,-19.6833,63.4167,25.92,77,12,5.99,MU,1700475880
22,akhmet'a,42.0311,45.2075,8.29,65,100,3.88,GE,1700475883
23,cabo san lucas,22.8909,-109.9124,24.31,80,0,3.77,MX,1700475885
24,vila franca do campo,37.7167,-25.4333,16.23,99,48,5.42,PT,1700475639
25,chimbote,-9.0853,-78.5783,18.43,88,100,2.4,PE,1700475857
26,port lincoln,-34.7333,135.8667,14.55,80,63,6.51,AU,1700475890
27,atafu village,-8.5421,-172.5159,29.06,74,71,4.95,TK,1700475891
28,barceloneta,18.4505,-66.5385,27.81,90,100,2.85,PR,1700475893
29,arraial do cabo,-22.9661,-42.0278,22.92,88,100,3.09,BR,1700475848
30,hadibu,12.65,54.0333,28.37,69,9,4.23,YE,1700475895
31,la passe,45.5549,-0.8967,13.88,76,100,4.7,FR,1700475898
32,touros,-5.1989,-35.4608,27.17,73,100,4.71,BR,1700475828
33,albany,42.6001,-73.9662,-1.34,74,3,1.79,US,1700475901
34,auki,-8.7676,160.7034,26.05,88,62,2.17,SB,1700475903
35,isla mujeres,21.2311,-86.731,20.03,74,3,3.77,MX,1700475904
36,st. john's,47.5649,-52.7093,0.87,89,20,3.09,CA,1700475852
37,axim,4.8699,-2.2405,29.45,69,65,1.97,GH,1700475907
38,invercargill,-46.4,168.35,9.0,83,14,1.48,NZ,1700475909
39,yellowknife,62.456,-114.3525,-6.99,99,100,9.77,CA,1700475911
40,shevchenko,48.5,35.0,0.42,85,99,5.23,UA,1700475912
41,port-aux-francais,-49.35,70.2167,4.01,76,62,9.54,TF,1700475914
42,uturoa,-16.7333,-151.4333,25.84,85,100,3.41,PF,1700475915
43,bilibino,68.0546,166.4372,-19.37,98,100,3.54,RU,1700475917
44,nagqu,31.5,92.0,2.12,35,85,2.73,CN,1700475918
45,crane,31.3974,-102.3501,14.24,43,1,6.72,US,1700475920
46,oppdal,62.5943,9.6912,-7.78,59,10,2.2,NO,1700475921
47,grytviken,-54.2811,-36.5092,1.66,98,99,5.07,GS,1700475923
48,kodiak,57.79,-152.4072,0.73,51,100,4.12,US,1700475924
49,puerto natales,-51.7236,-72.4875,2.91,99,100,0.68,CL,1700475696
50,lock haven,41.137,-77.4469,0.39,97,10,1.0,US,1700475927
51,hawaiian paradise park,19.5933,-154.9731,20.02,89,0,2.57,US,1700475929
52,udachny,66.4167,112.4,-29.2,82,100,3.13,RU,1700475930
53,progreso,21.2833,-89.6667,22.06,91,1,4.33,MX,1700475933
54,puerto ayora,-0.7393,-90.3518,20.31,98,87,4.54,EC,1700475934
55,ushuaia,-54.8,-68.3,2.81,75,40,6.17,AR,1700475936
56,cidreira,-30.1811,-50.2056,18.09,78,22,2.66,BR,1700475937
57,tazacorte,28.629,-17.9293,22.54,64,0,1.03,ES,1700475939
58,tarawa,1.419,172.984,29.05,84,75,2.57,KI,1700475940
59,hermanus,-34.4187,19.2345,22.64,52,100,5.42,ZA,1700475915
60,lihue,21.9789,-159.3672,21.77,89,100,9.77,US,1700475943
61,ulsteinvik,62.3432,5.8487,2.64,69,22,1.34,NO,1700475944
62,tura,25.5198,90.2201,24.69,71,72,0.83,IN,1700475946
63,sitka,57.0531,-135.33,3.94,56,100,9.77,US,1700475947
64,punta arenas,-53.15,-70.9167,3.06,87,100,2.57,CL,1700475949
65,yanam,16.7333,82.2167,27.97,68,80,4.54,IN,1700475950
66,hamilton,39.1834,-84.5333,6.8,73,75,5.14,US,1700475952
67,nacala,-14.5428,40.6728,31.62,66,40,7.2,MZ,1700475953
68,gufeng,26.9083,118.9819,9.09,72,0,1.39,CN,1700475955
69,bairnsdale,-37.8333,147.6167,15.59,86,48,0.88,AU,1700475956
70,khovd,48.0056,91.6419,-1.8,52,9,1.97,MN,1700475958
71,kralendijk,12.15,-68.2667,26.99,89,20,2.06,BQ,1700475959
72,wake village,33.4268,-94.1063,14.06,61,100,6.17,US,1700475961
73,shalkar,47.8288,59.6258,3.85,59,100,9.18,KZ,1700475962
74,marquette,46.5333,-87.6335,-3.69,84,86,2.05,US,1700475963
75,college,64.8569,-147.8028,-10.03,84,100,0.0,US,1700475965
76,fort bragg,35.139,-79.006,4.9,84,0,0.0,US,1700475966
77,sao geraldo do araguaia,-6.4006,-48.555,25.47,83,44,0.96,BR,1700475968
78,blackmans bay,-43.0167,147.3167,15.07,80,100,1.63,AU,1700475969
79,talcahuano,-36.7167,-73.1167,12.82,100,75,2.57,CL,1700475971
80,praia da vitoria,38.7333,-27.0667,17.14,82,20,10.49,PT,1700475972
81,adamstown,-25.066,-130.1015,22.51,87,100,4.1,PN,1700475974
82,cepu,-7.1475,111.5906,30.95,59,86,2.97,ID,1700475975
83,kapit,2.0167,112.9333,25.99,91,98,0.71,MY,1700475977
84,san patricio,28.017,-97.5169,23.92,93,9,6.65,US,1700475979
85,murashi,59.3999,48.9615,-6.76,66,86,2.18,RU,1700475981
86,bredasdorp,-34.5322,20.0403,23.63,46,100,2.68,ZA,1700475982
87,kerikeri,-35.2268,173.9474,17.17,89,44,0.89,NZ,1700475984
88,enterprise,36.0252,-115.2419,10.3,28,0,10.8,US,1700475986
89,evinayong,1.4368,10.5512,25.65,69,99,0.96,GQ,1700475987
90,rawson,-43.3002,-65.1023,16.12,43,100,11.84,AR,1700475989
91,xam nua,20.4197,104.0439,18.02,74,4,1.09,LA,1700475991
92,malabar,-33.9667,151.25,22.85,67,98,4.14,AU,1700475992
93,ola,59.5833,151.2833,-14.77,73,58,5.27,RU,1700475994
94,placido de castro,-10.3353,-67.1856,24.4,80,67,1.14,BR,1700475995
95,jiaozuo,35.2397,113.2331,13.93,32,0,1.51,CN,1700475997
96,katsuura,35.1333,140.3,12.65,47,0,7.36,JP,1700475998
97,yeppoon,-23.1333,150.7333,24.88,82,31,5.61,AU,1700476000
98,princeville,45.7668,-61.2985,3.16,92,100,1.54,CA,1700476001
99,margaret river,-33.95,115.0667,18.74,67,6,9.19,AU,1700476003
100,edd,13.9297,41.6925,33.88,48,30,8.17,ER,1700476005
101,ribeira grande,38.5167,-28.7,16.22,82,75,7.15,PT,1700476006
102,tevriz,57.509,72.4042,-6.89,77,97,1.73,RU,1700476008
103,pimentel,-6.8367,-79.9342,20.16,83,100,1.54,PE,1700476009
104,edinburgh of the seven seas,-37.0676,-12.3116,12.66,71,95,4.02,SH,1700476011
105,tercan,39.7794,40.3925,1.93,96,100,2.34,TR,1700476012
106,la libertad,-2.2333,-80.9,22.38,86,100,3.24,EC,1700476014
107,ujae,8.9322,165.7642,28.36,77,13,8.84,MH,1700476015
108,anadyr,64.75,177.4833,0.28,100,100,14.0,RU,1700476017
109,sandnessjoen,66.0217,12.6316,-15.71,74,15,5.1,NO,1700476018
110,alofi,-19.0595,-169.9187,23.94,78,67,3.6,NU,1700476020
111,phan rang-thap cham,11.5667,108.9833,25.67,80,96,6.52,VN,1700476022
112,ust-nera,64.5667,143.2,-32.93,98,59,0.29,RU,1700476023
113,comandante fontana,-25.3345,-59.6821,20.82,79,58,2.25,AR,1700476025
114,arkhangel'sk,64.5401,40.5433,-4.93,92,100,2.78,RU,1700476027
115,kyabe,9.4515,18.9449,34.49,21,68,2.24,TD,1700476029
116,selfoss,63.9331,-20.9971,0.02,83,99,2.48,IS,1700476030
117,mudanjiang,44.5833,129.6,-4.22,89,6,2.24,CN,1700476032
118,longyearbyen,78.2186,15.6401,-2.09,69,40,6.17,SJ,1700476033
119,hacienda huancane,-15.8222,-70.8856,2.66,50,34,1.14,PE,1700476035
120,avarua,-21.2078,-159.775,23.03,78,40,4.12,CK,1700476037
121,ilulissat,69.2167,-51.1,-1.99,64,75,4.63,GL,1700476038
122,lae,-6.7221,146.9847,26.39,82,10,1.84,PG,1700476040
123,matthew town,20.95,-73.6667,26.14,67,31,4.3,BS,1700476041
124,utrik,11.2278,169.8474,27.86,78,6,9.4,MH,1700476043
125,nemuro,43.3236,145.575,5.2,76,35,12.05,JP,1700476045
126,talnakh,69.4865,88.3972,-31.0,99,99,1.81,RU,1700476046
127,kiknur,57.3034,47.2011,-4.91,53,100,4.07,RU,1700476048
128,vila velha,-20.3297,-40.2925,25.53,84,40,3.13,BR,1700475775
129,mugango,-1.6833,33.7,28.53,48,39,4.51,TZ,1700476052
130,chonchi,-42.6128,-73.8092,9.56,90,61,3.55,CL,1700476054
131,salalah,17.0151,54.0924,29.05,61,20,2.57,OM,1700476055
132,narrabri,-30.3167,149.7833,19.73,88,91,0.89,AU,1700476057
133,argo,37.6333,22.7333,17.66,27,0,0.83,GR,1700476059
134,yemva,62.59,50.8594,-7.28,92,98,2.38,RU,1700476061
135,mirny,62.5353,113.9611,-17.09,71,100,4.02,RU,1700476063
136,polyarnyy,69.1989,33.4478,-13.14,95,86,3.59,RU,1700476064
137,carnarvon,-24.8667,113.6333,25.1,70,0,6.01,AU,1700476066
138,qaqortoq,60.7167,-46.0333,1.17,95,100,12.04,GL,1700476068
139,darnah,32.767,22.6367,20.43,61,14,8.99,LY,1700476071
140,maych'ew,12.7875,39.5422,20.91,55,96,4.72,ET,1700476072
141,san pedro pochutla,15.7333,-96.4667,23.56,90,49,0.96,MX,1700476074
142,lebu,-37.6167,-73.65,12.44,90,100,2.77,CL,1700476075
143,darwin,-12.4611,130.8418,25.99,83,75,7.72,AU,1700475867
144,berdychiv,49.8993,28.6024,-0.33,58,100,1.88,UA,1700475796
145,taoudenni,22.6783,-3.9836,28.48,14,70,3.49,ML,1700476080
146,nosy varika,-20.5833,48.5333,27.24,62,61,4.57,MG,1700476082
147,tiksi,71.6872,128.8694,-27.66,100,100,1.94,RU,1700476083
148,gubkinskiy,64.434,76.5026,-23.05,97,86,4.44,RU,1700476085
149,lazaro cardenas,17.9583,-102.2,24.73,91,25,1.87,MX,1700476086
150,weno,7.4515,151.8468,28.97,84,75,1.54,FM,1700476088
151,vernon,50.2581,-119.2691,1.63,76,52,2.06,CA,1700476090
152,cunit,41.1983,1.6365,19.64,85,11,0.89,ES,1700476091
153,bermeo,43.4209,-2.7215,17.36,86,100,3.67,ES,1700476093
154,torbeyevo,54.0797,43.2473,-3.63,57,100,6.81,RU,1700476094
155,mil'kovo,55.6078,37.7956,-5.33,67,92,3.67,RU,1700476096
156,gorgan,36.8387,54.4348,26.98,44,75,0.0,IR,1700476097
157,noumea,-22.2763,166.4572,19.99,74,0,5.61,NC,1700476099
158,tralee,52.2704,-9.7026,10.14,93,75,6.17,IE,1700476100
159,nar'yan-mar,67.6713,53.087,-19.83,99,98,1.91,RU,1700476102
160,cicero dantas,-10.6,-38.3833,24.74,70,62,4.62,BR,1700476106
161,besisahar,28.2313,84.3761,23.13,57,2,2.12,NP,1700476107
162,maslyanino,54.3436,84.2111,-6.29,78,100,5.18,RU,1700476109
163,champerico,14.3,-91.9167,24.5,84,63,2.21,GT,1700476110
164,tadine,-21.55,167.8833,21.52,70,1,6.66,NC,1700476112
165,keflavik,64.0049,-22.5624,3.95,100,75,6.17,IS,1700476113
166,sinjai,-5.1241,120.253,27.83,76,15,3.17,ID,1700476115
167,white river,-25.3318,31.0117,33.49,40,0,1.54,ZA,1700476117
168,jiwani,25.05,61.7417,26.4,61,0,3.68,PK,1700475857
169,ghatal,22.6667,87.7167,29.81,39,55,2.84,IN,1700476120
170,colonia,50.9333,6.95,12.85,78,75,6.17,DE,1700475946
171,minas de marcona,-15.2119,-75.1103,13.24,90,62,3.03,PE,1700476123
172,west island,-12.1568,96.8225,26.99,69,88,6.17,CC,1700476124
173,pangody,65.85,74.4859,-23.11,99,89,3.68,RU,1700476013
174,renqiu,38.6989,116.0936,11.35,36,7,2.49,CN,1700476128
175,nova sintra,14.8667,-24.7167,22.61,69,98,5.31,CV,1700476129
176,ha'il,27.5219,41.6907,21.01,49,40,6.17,SA,1700476015
177,hotan,37.0997,79.9269,15.38,12,0,1.56,CN,1700476134
178,arar,30.9753,41.0381,20.01,40,75,12.35,SA,1700476137
179,antigo,45.1402,-89.1523,0.06,86,75,5.14,US,1700476042
180,beni saf,35.301,-1.3823,16.16,55,1,2.12,DZ,1700476140
181,vieux fort,13.7167,-60.95,27.62,78,75,8.23,LC,1700476141
182,sept-iles,50.2001,-66.3821,-3.0,73,100,4.12,CA,1700476082
183,mount isa,-20.7333,139.5,29.87,39,75,3.6,AU,1700476144
184,mgandu,-5.95,34.1333,30.05,33,98,5.47,TZ,1700476145
185,kapuskasing,49.4169,-82.4331,-13.95,85,0,0.0,CA,1700476147
186,thompson,55.7435,-97.8558,0.13,93,100,4.01,CA,1700476148
187,baruun-urt,46.6806,113.2792,-4.67,86,100,1.15,MN,1700476150
188,villa hernandarias,-31.231,-59.985,19.58,72,81,3.62,AR,1700476152
189,sidney,-33.8679,151.2073,22.62,68,96,1.79,AU,1700476153
190,kilindoni,-7.9139,39.6668,27.71,75,83,2.66,TZ,1700476155
191,severo-yeniseyskiy,60.3725,93.0408,-14.69,95,98,2.65,RU,1700476156
192,jamestown,42.097,-79.2353,-1.92,86,0,1.54,US,1700476043
193,isafjordur,66.0755,-23.124,2.02,87,75,2.06,IS,1700476159
194,iskateley,67.6803,53.1512,-20.19,100,98,1.95,RU,1700476161
195,huarmey,-10.0681,-78.1522,18.71,89,97,2.89,PE,1700476162
196,stanley,54.868,-1.6985,9.74,93,75,4.12,GB,1700476164
197,vorgashor,67.5833,63.95,-17.03,98,96,2.0,RU,1700476165
198,sansanne-mango,10.3592,0.4708,34.71,13,90,2.79,TG,1700476167
199,bikenibeu village,1.3673,173.1241,28.98,84,75,2.57,KI,1700476170
200,taperoa,-7.2075,-36.8267,23.94,68,90,3.62,BR,1700476171
201,balikpapan,-1.2675,116.8289,27.55,78,20,2.57,ID,1700476173
202,guerrero negro,27.9769,-114.0611,17.94,83,100,3.41,MX,1700476175
203,foshan,23.0268,113.1315,23.02,27,0,1.94,CN,1700476044
204,kalmunai,7.4167,81.8167,27.91,77,100,3.09,LK,1700476181
205,sungai penuh,-2.0833,101.3833,20.77,96,98,0.97,ID,1700476182
206,dellys,36.9172,3.9131,22.81,44,0,3.19,DZ,1700476184
207,tlahualilo de zaragoza,26.1167,-103.45,18.58,43,1,1.24,MX,1700476185
208,conception bay south,47.4999,-52.9981,0.74,89,25,4.42,CA,1700476187
209,kavieng,-2.5744,150.7967,28.21,79,73,4.77,PG,1700476188
210,shanhecun,44.7,127.2,-0.41,81,2,5.8,CN,1700476191
211,veraval,20.9,70.3667,30.16,45,12,3.82,IN,1700476193
212,nuriootpa,-34.4833,139.0,18.2,68,99,1.56,AU,1700476194
213,sakaiminato,35.55,133.2333,11.99,62,75,2.06,JP,1700476195
214,lospalos,-8.5186,127.0025,24.16,78,66,2.87,TL,1700476197
215,lorengau,-2.0226,147.2712,27.73,84,68,3.51,PG,1700476198
216,priozersk,61.0393,30.1291,-2.22,86,78,2.73,RU,1700476200
217,pudozh,61.8099,36.5345,-8.36,97,32,1.79,RU,1700476202
218,brigantine,39.4101,-74.3646,4.44,72,0,1.79,US,1700476204
219,coahuayana de hidalgo,18.7,-103.6583,24.22,95,63,0.94,MX,1700476206
220,male,4.1748,73.5089,31.97,70,20,3.09,MV,1700476019
221,geraldton,-28.7667,114.6,24.23,64,2,9.77,AU,1700476210
222,aykhal,66.0,111.5,-31.61,100,98,3.83,RU,1700476211
223,kualakapuas,-3.0091,114.3876,26.02,88,92,1.06,ID,1700476213
224,griffith,41.5284,-87.4237,7.96,60,0,4.12,US,1700476214
225,midvagur,62.0511,-7.1939,3.46,81,91,1.03,FO,1700476216
226,mananjary,-21.2167,48.3333,27.89,61,15,5.13,MG,1700476218
227,taboshar,40.5686,69.6413,13.18,40,1,1.38,TJ,1700476219
228,happy valley-goose bay,53.3168,-60.3315,-8.83,79,20,6.69,CA,1700476221
229,whitehorse,60.7161,-135.0538,-23.57,76,0,3.6,CA,1700475958
230,chui,-33.6971,-53.4616,17.86,71,0,3.06,UY,1700476225
231,aurad,18.25,77.4333,28.65,37,39,3.52,IN,1700476227
232,east ballina,-28.8667,153.5833,17.67,99,100,1.84,AU,1700476229
233,beyneu,45.3167,55.2,12.26,55,100,13.42,KZ,1700476231
234,pasni,25.2631,63.471,25.92,66,0,3.48,PK,1700476235
235,jerez de garcia salinas,22.65,-103.0,15.14,78,0,2.8,MX,1700476241
236,saint croix,17.7397,-64.7388,28.25,84,40,3.09,VI,1700476243
237,ancud,-41.8697,-73.8203,9.8,83,36,8.71,CL,1700476245
238,yuzhno-kurilsk,44.0306,145.8556,5.76,84,100,17.16,RU,1700476246
239,sao jose da coroa grande,-8.8978,-35.1478,27.67,70,27,5.16,BR,1700476248
240,kingscliff,-28.2667,153.5667,19.85,100,75,2.57,AU,1700476249
241,tolanaro,-25.0319,46.9987,31.04,70,20,10.8,MG,1700476251
242,vadso,70.0744,29.7487,-6.91,73,40,5.66,NO,1700476252
243,hammerfest,70.6634,23.6821,-0.75,74,75,3.09,NO,1700476095
244,callao,-12.0667,-77.15,19.84,82,100,0.51,PE,1700476255
245,faro,37.0194,-7.9322,18.88,77,0,2.57,PT,1700476258
246,sinan,34.8262,126.1086,8.06,55,0,5.24,KR,1700476260
247,huangnihe,43.5583,128.0239,-5.52,95,5,0.64,CN,1700476263
248,mpika,-11.8343,31.4529,32.66,23,88,4.85,ZM,1700476265
249,adrar,20.5022,-10.0711,28.59,11,100,4.94,MR,1700476267
250,birao,10.2849,22.7882,34.69,15,71,4.34,CF,1700476269
251,valparaiso,-33.0393,-71.6273,9.8,93,75,2.06,CL,1700476254
252,binghamton,42.0987,-75.918,-1.51,82,9,0.45,US,1700476038
253,pelabuhanratu,-6.9875,106.5514,27.33,81,83,1.93,ID,1700476274
254,newport,51.5877,-2.9984,12.12,86,22,5.43,GB,1700476277
255,petropavlovsk-kamchatsky,53.0452,158.6483,2.33,98,0,8.0,RU,1700476278
256,aswan,24.0934,32.907,22.61,33,0,4.63,EG,1700476280
257,kingston,17.997,-76.7936,25.53,83,20,6.17,JM,1700476189
258,north platte,41.1239,-100.7654,8.4,85,100,4.63,US,1700476283
259,elliot lake,46.3834,-82.6331,-5.15,57,6,1.11,CA,1700476284
260,kavaratti,10.5669,72.642,28.91,68,32,1.86,IN,1700476286
261,brisas de zicatela,15.8369,-97.0419,25.58,86,55,1.56,MX,1700476288
262,yaren,-0.5472,166.916,28.55,75,27,2.07,NR,1700476289
263,east london,-33.0153,27.9116,24.57,74,100,8.43,ZA,1700476291
264,el hadjira,32.6134,5.5126,20.98,48,0,1.16,DZ,1700476293
265,dryden,49.7833,-92.7503,-0.84,86,0,4.63,CA,1700476294
266,snovsk,51.8239,31.9428,-0.4,66,99,4.97,UA,1700476296
267,darwha,20.3167,77.7667,29.64,36,8,3.31,IN,1700476297
268,the pas,53.8251,-101.2541,0.01,93,0,3.6,CA,1700476299
269,wotje,9.4543,170.2367,28.13,78,16,8.78,MH,1700476301
270,rabo de peixe,37.8,-25.5833,15.73,82,20,3.6,PT,1700476302
271,san antonio de pale,-1.4014,5.6325,24.31,94,100,4.0,GQ,1700476305
272,kapa'a,22.0752,-159.319,22.18,88,100,9.77,US,1700476306
273,badger,64.8,-147.5333,-10.07,79,100,0.0,US,1700476308
274,klyuchi,52.2667,79.1667,-5.41,67,17,3.3,RU,1700476309
275,hesla,24.0667,85.8833,25.21,46,1,2.32,IN,1700476311
276,kita,13.0349,-9.4895,34.03,13,100,4.43,ML,1700476312
277,yerofey pavlovich,53.9667,121.9667,-5.8,91,100,2.37,RU,1700476314
278,afaahiti,-17.75,-149.2833,23.93,92,100,9.59,PF,1700476315
279,mount gambier,-37.8333,140.7667,12.31,84,100,3.87,AU,1700476316
280,matoury,4.8483,-52.3317,24.98,100,75,1.03,GF,1700476318
281,watsa,3.0372,29.5355,23.1,88,89,1.29,CD,1700476320
282,goshainganj,26.5833,82.3833,26.75,35,0,2.66,IN,1700476321
283,pogradec,40.9025,20.6525,9.0,58,0,1.67,AL,1700476323
284,kijang,35.2442,129.2139,8.85,38,0,0.84,KR,1700476324
285,tsiombe,-25.3,45.4833,36.63,29,94,5.19,MG,1700476326
286,ormara,25.2088,64.6357,26.25,53,0,3.29,PK,1700476327
287,nampa,43.5407,-116.5635,1.66,80,0,3.6,US,1700476329
288,parkano,62.0167,23.0167,-4.75,93,94,0.79,FI,1700476331
289,fort st. john,56.2499,-120.8529,-7.06,68,40,3.6,CA,1700476332
290,loma de cabrera,19.4333,-71.6,22.59,95,96,0.39,DO,1700476334
291,itaituba,-4.2761,-55.9836,26.39,76,98,1.13,BR,1700476335
292,cardenas,23.0375,-81.2047,17.42,85,1,2.04,CU,1700476337
293,taroa,8.7058,171.2275,28.29,77,38,8.46,MH,1700476338
294,tynda,55.1667,124.7167,-7.33,91,100,1.26,RU,1700476341
295,general conesa,-40.1,-64.4333,20.0,35,46,8.95,AR,1700476345
296,saldanha,-33.0117,17.9442,21.03,76,100,11.17,ZA,1700476346
297,palikir - national government center,6.9248,158.1611,26.41,89,100,2.57,FM,1700476350
298,mikomeseng,2.1361,10.6132,27.34,68,100,0.42,GQ,1700476351
299,cadale,2.7603,46.3222,29.5,70,73,7.85,SO,1700476355
300,uryupinsk,50.8047,42.0138,-0.22,98,100,4.98,RU,1700476356
301,santa marta de ortigueira,43.6833,-7.85,15.7,76,100,3.88,ES,1700476357
302,juan griego,11.0817,-63.9655,25.7,90,100,4.2,VE,1700476359
303,ketchikan,55.3422,-131.6461,4.26,87,100,5.14,US,1700476361
304,tual,-5.6667,132.75,28.62,78,21,6.75,ID,1700476362
305,port elizabeth,-33.918,25.5701,26.29,71,0,4.63,ZA,1700476363
306,melilla,35.2937,-2.9383,19.21,72,75,3.09,ES,1700476365
307,al kharijah,25.4514,30.5464,22.11,31,0,5.11,EG,1700476366
308,lompoc,34.6391,-120.4579,13.23,57,0,3.6,US,1700476368
309,patacamaya,-17.2333,-67.9167,10.6,63,51,1.2,BO,1700476369
310,tomatlan,19.9333,-105.25,22.73,96,30,0.46,MX,1700476371
311,alenquer,-1.9417,-54.7383,27.06,72,78,1.92,BR,1700476372
312,haiku-pauwela,20.9219,-156.3051,21.69,82,40,1.54,US,1700476374
313,cururupu,-1.8283,-44.8683,29.74,65,39,2.8,BR,1700476377
314,teknaf,20.8624,92.3058,25.79,85,57,3.51,BD,1700476379
315,santa ana,33.7456,-117.8678,19.58,34,0,4.92,US,1700476162
316,ugoofaaru,5.6667,73.0,28.15,73,90,2.08,MV,1700476384
317,vorkuta,67.5,64.0,-15.97,97,98,2.12,RU,1700476385
318,chibougamau,49.9168,-74.3659,-10.21,85,100,6.17,CA,1700476342
319,sorong,-0.8833,131.25,28.2,78,93,1.4,ID,1700476388
320,machico,32.7,-16.7667,22.35,79,40,3.6,PT,1700476389
321,sihanoukville,10.6093,103.5296,29.97,62,20,3.09,KH,1700476391
322,city of balikpapan,-1.242,116.8942,27.97,78,20,2.57,ID,1700476393
323,camiri,-20.05,-63.5167,21.88,94,75,0.0,BO,1700476394
324,santa maria da vitoria,-13.3947,-44.1886,24.42,83,95,0.52,BR,1700476395
325,tazovsky,67.4667,78.7,-26.94,100,92,2.85,RU,1700476341
326,saint-paul,-21.0096,55.2707,29.24,83,11,2.19,RE,1700476400
327,tromso,69.6496,18.957,-3.99,93,75,2.57,NO,1700476401
328,berdigestyakh,62.0989,126.6992,-8.75,96,100,1.46,RU,1700476398
329,mimizan,44.2006,-1.2289,16.05,71,100,3.15,FR,1700476404
330,rabaul,-4.1967,152.1721,28.02,77,70,0.74,PG,1700476406
331,corn island,12.1694,-83.0418,27.26,79,82,6.38,NI,1700476408
332,forio,40.7342,13.8646,19.68,81,33,0.89,IT,1700476409
333,zalingei,12.9096,23.4741,31.8,13,55,1.6,SD,1700476413
334,es castell,39.8795,4.2854,18.38,94,20,4.63,ES,1700476418
335,isangel,-19.55,169.2667,24.08,82,69,5.51,VU,1700476420
336,hami,42.8,93.45,6.04,31,29,1.71,CN,1700476421
337,korsor,55.3299,11.1386,6.1,100,100,7.03,DK,1700476423
338,toliara,-23.35,43.6667,29.92,57,24,6.19,MG,1700476424
339,rongelap,11.1635,166.8941,28.16,78,9,9.31,MH,1700476425
340,nikolayevsk-on-amure,53.1406,140.73,-6.65,86,51,2.32,RU,1700476427
341,nelson bay,-32.7167,152.15,20.56,84,100,2.68,AU,1700476430
342,saint-joseph,-21.3667,55.6167,28.39,77,16,4.39,RE,1700476431
343,dukku,10.8231,10.7717,33.3,14,72,5.26,NG,1700476433
344,makurazaki,31.2667,130.3167,14.93,58,0,2.61,JP,1700476434
345,newman,37.3138,-121.0208,11.69,51,33,5.81,US,1700476436
346,buka,40.8108,69.1986,20.63,38,0,2.02,UZ,1700476437
347,vilyuchinsk,52.9306,158.4028,3.15,74,95,8.17,RU,1700476439
348,kuanda,56.3161,116.0806,-10.67,77,76,3.31,RU,1700476338
349,thinadhoo,0.5333,72.9333,28.18,78,45,5.62,MV,1700476442
350,susuman,62.7833,148.1667,-32.02,99,76,0.15,RU,1700476443
351,flying fish cove,-10.4217,105.6791,25.81,76,34,6.57,CX,1700476445
352,verkhnevilyuysk,63.4453,120.3167,-15.69,93,100,3.68,RU,1700476446
353,melito di porto salvo,37.9222,15.7714,22.2,53,1,5.66,IT,1700476448
354,kokshetau,53.2775,69.3883,-8.82,79,0,3.0,KZ,1700476450
355,daru,-9.0763,143.2092,26.78,86,75,5.06,PG,1700476451
356,medina,24.4686,39.6142,27.24,16,0,3.6,SA,1700476453
357,sittwe,20.15,92.9,26.38,82,64,4.12,MM,1700476455
358,antsiranana,-12.2787,49.2917,33.42,43,40,6.17,MG,1700476457
359,curillo,1.0333,-75.9191,21.9,98,58,0.46,CO,1700476458
360,antonio enes,-16.2325,39.9086,31.73,61,0,7.61,MZ,1700476460
361,zouerate,22.7187,-12.4521,27.3,12,71,5.28,MR,1700476462
362,san rafael del sur,11.8485,-86.4384,23.54,89,13,1.48,NI,1700476463
363,kimbe,-5.5502,150.1429,25.5,92,99,1.56,PG,1700476467
364,zaragoza,41.6561,-0.8773,19.71,70,0,6.69,ES,1700476468
365,marrakesh,31.6315,-8.0083,25.04,31,0,0.51,MA,1700476469
366,okhotsk,59.3833,143.3,-17.79,79,9,7.54,RU,1700476471
367,turpan,42.9333,89.1667,9.45,35,99,0.95,CN,1700476472
368,puerto baquerizo moreno,-0.9,-89.6,21.85,80,95,5.65,EC,1700476474
369,honiara,-9.4333,159.95,26.6,89,100,2.25,SB,1700476475
370,valdivia,-39.8142,-73.2459,11.05,92,33,2.76,CL,1700476477
371,dudinka,69.4058,86.1778,-30.77,98,97,0.6,RU,1700476478
372,palmer,42.1584,-72.3287,-0.64,81,0,3.6,US,1700476453
373,codrington,-38.2667,141.9667,12.18,83,100,4.32,AU,1700476481
374,inhambane,-23.865,35.3833,30.99,66,0,7.72,MZ,1700476483
375,plunge,55.9114,21.8442,1.33,71,69,4.46,LT,1700476485
376,zaysan,47.4667,84.8667,1.13,77,98,2.44,KZ,1700476486
377,benguela,-12.5763,13.4055,30.14,66,95,5.22,AO,1700476488
378,hailey,43.5196,-114.3153,0.92,57,100,7.6,US,1700476489
379,mbanza-ngungu,-5.25,14.8667,25.26,78,93,1.12,CD,1700476490
380,cidade velha,14.9167,-23.6167,26.26,65,75,2.06,CV,1700476492
381,volgograd,48.7194,44.5018,5.43,100,100,3.0,RU,1700476494
382,merizo village,13.2658,144.6691,28.85,94,29,2.5,GU,1700476495
383,orapa,-21.2833,25.3667,38.37,15,71,4.63,BW,1700476497
384,saskatoon,52.1168,-106.6345,3.99,56,40,7.2,CA,1700476231
385,pacific grove,36.6177,-121.9166,13.21,71,0,3.6,US,1700476501
386,oil city,41.4339,-79.7064,-1.11,97,0,2.06,US,1700476367
387,ocean shores,46.9737,-124.1563,6.08,96,0,2.06,US,1700476505
388,saint-pierre,-21.3393,55.4781,28.99,74,75,8.75,RE,1700476506
389,aasiaat,68.7098,-52.8699,-4.19,75,100,1.36,GL,1700476508
390,alice springs,-23.7,133.8833,26.75,34,0,2.57,AU,1700476510
391,namibe,-15.1961,12.1522,27.58,65,100,4.58,AO,1700476511
392,tortona,44.8978,8.8637,16.31,73,91,2.0,IT,1700476515
393,mejit,10.2753,170.8646,27.91,78,8,9.31,MH,1700476517
394,fale old settlement,-9.3852,-171.2468,29.05,74,27,7.12,TK,1700476518
395,vuktyl,63.8567,57.3094,-9.46,95,100,3.46,RU,1700476520
396,jinchang,38.4953,102.1739,6.2,21,8,1.12,CN,1700476522
397,sechura,-5.5569,-80.8222,20.13,86,52,4.33,PE,1700476526
398,portland,45.5234,-122.6762,6.0,95,100,1.79,US,1700476281
399,chaman,30.9236,66.4512,19.57,29,2,1.87,PK,1700476529
400,kibara,-2.15,33.45,25.89,58,40,3.87,TZ,1700476536
401,rio grande,-32.035,-52.0986,23.06,66,0,2.37,BR,1700476541
402,mangrol,21.1167,70.1167,29.9,44,7,4.6,IN,1700476543
403,moussoro,13.6408,16.4901,30.95,17,100,8.81,TD,1700476545
404,lhasa,29.65,91.1,9.8,15,26,2.06,CN,1700476547
405,ongjin,37.9347,125.3619,7.94,54,5,0.61,KP,1700476551
406,kruisfontein,-34.0033,24.7314,31.72,24,100,4.36,ZA,1700476553
407,booneville,34.6582,-88.5667,9.38,50,97,1.81,US,1700476477
408,tangalle,6.024,80.7911,30.09,77,63,3.83,LK,1700476556
409,tutoia,-2.7619,-42.2744,28.98,65,9,5.28,BR,1700476559
410,torquay,50.4638,-3.5143,12.42,83,36,6.76,GB,1700476560
411,brokopondo,4.75,-55.1667,26.16,83,55,2.9,SR,1700476562
412,francistown,-21.17,27.5079,37.07,16,69,4.45,BW,1700476564
413,tamandare,-8.7597,-35.1047,27.5,71,33,4.95,BR,1700476566
414,san jose del guaviare,2.5729,-72.6459,23.32,97,35,0.96,CO,1700476567
415,westport,41.1415,-73.3579,3.51,68,0,2.06,US,1700476569
416,sevastopol,44.6,33.5333,6.11,59,100,2.68,UA,1700476571
417,constantia,44.1833,28.65,6.5,57,40,3.47,RO,1700476446
418,ca mau,9.1769,105.15,26.18,82,99,1.39,VN,1700476574
419,arroyo grande,35.1186,-120.5907,16.16,53,0,1.79,US,1700476576
420,flat river,37.8501,-90.5168,9.36,49,100,2.57,US,1700476578
421,wotho,10.1657,166.0102,28.12,78,20,8.75,MH,1700476580
422,shirvan,39.9509,48.8994,16.77,41,100,2.93,AZ,1700476582
423,amga,60.8953,131.9608,-12.69,95,100,2.68,RU,1700476583
424,grand falls-windsor,48.9332,-55.6649,-0.83,85,8,0.45,CA,1700476547
425,mosbach,49.3539,9.1428,13.36,71,100,6.8,DE,1700476588
426,lima,-12.0432,-77.0282,18.83,84,100,0.51,PE,1700476529
427,loreto,22.2667,-101.9667,13.4,75,0,3.76,MX,1700476591
428,al ghayzah,16.2079,52.176,28.31,59,5,5.59,YE,1700476593
429,kilju,40.9642,129.3278,3.15,54,12,1.56,KP,1700476595
430,egilsstadir,65.2653,-14.3948,-3.05,86,0,2.06,IS,1700476598
431,wakkanai,45.4094,141.6739,4.49,75,100,5.36,JP,1700476601
432,grand gaube,-20.0064,57.6608,29.1,75,5,2.24,MU,1700476604
433,dalhart,36.0595,-102.5133,6.93,65,91,5.52,US,1700476606
434,tampakan,6.4442,124.9264,24.92,94,100,1.22,PH,1700476607
435,sao vicente,-23.9631,-46.3919,25.15,26,100,2.73,BR,1700476608
436,buckhannon,38.994,-80.232,2.3,84,0,3.09,US,1700476610
437,kill devil hills,36.0307,-75.676,14.43,59,0,3.09,US,1700476612
438,galliano,29.4422,-90.2992,16.11,83,80,3.56,US,1700476613
439,hilo,19.7297,-155.09,24.04,80,0,2.57,US,1700476586
440,xiva,41.3783,60.3639,20.99,29,6,9.13,UZ,1700476616
441,walvis bay,-22.9575,14.5053,19.49,58,58,5.61,NA,1700476618
442,lauro de freitas,-12.8944,-38.3272,28.01,74,40,5.14,BR,1700476619
443,mission,26.2159,-98.3253,21.79,93,100,5.66,US,1700476510
444,nykvarn,59.8,18.3,2.91,80,97,1.66,SE,1700476622
445,aral,40.5156,81.2636,9.15,17,0,1.55,CN,1700476624
446,okondja,-0.6549,13.6753,25.06,82,100,1.16,GA,1700476625
447,strezhevoy,60.7333,77.5889,-20.21,95,36,3.1,RU,1700476337
448,turtas,58.9417,69.1325,-6.27,77,29,1.94,RU,1700476629
449,ouadda,8.0777,22.4007,31.37,28,100,2.49,CF,1700476631
450,eirunepe,-6.6603,-69.8736,23.65,97,57,1.18,BR,1700476632
451,ma'rib,15.4591,45.3253,31.63,29,97,3.28,YE,1700476635
452,spalding,33.2668,-84.2833,14.76,85,100,4.12,US,1700476637
453,illizi,26.4833,8.4667,23.89,17,31,1.53,DZ,1700476639
454,mantua,45.1667,10.7833,10.75,81,100,1.34,IT,1700476643
455,broken hill,-31.95,141.4333,26.38,23,88,5.76,AU,1700476644
456,aripuana,-9.1667,-60.6333,23.86,87,100,0.77,BR,1700476645
457,butterworth,5.3991,100.3638,30.03,70,20,3.6,MY,1700476647
458,puerto deseado,-47.7503,-65.8938,11.29,43,28,14.03,AR,1700476649
459,sai buri,6.7013,101.6168,27.76,85,93,3.74,TH,1700476651
460,ziro,27.6333,93.8333,16.41,91,48,0.88,IN,1700476652
461,alo,7.4178,6.7371,32.73,52,82,1.77,NG,1700476654
462,ar rutbah,33.0381,40.2848,16.43,39,47,12.23,IQ,1700476655
463,usinsk,65.9939,57.5281,-9.96,96,100,4.02,RU,1700476657
464,agat village,13.3886,144.6585,29.06,90,0,1.54,GU,1700476658
465,fortuna,40.5982,-124.1573,5.19,100,100,0.0,US,1700476660
466,chichli,22.8333,78.8167,28.69,40,0,2.4,IN,1700476662
467,brandfort,-28.7001,26.4597,33.67,17,83,6.21,ZA,1700476663
468,taltal,-25.4,-70.4833,16.96,72,59,1.29,CL,1700476665
469,eydhafushi,5.1033,73.0708,28.37,72,76,2.29,MV,1700476666
470,chilecito,-29.1619,-67.4974,19.98,53,25,1.66,AR,1700476668
471,lata,40.1629,-8.3327,18.02,67,33,1.62,PT,1700476669
472,hakha,22.65,93.6167,13.58,91,70,0.18,MM,1700476671
473,kourou,5.1552,-52.6478,26.03,89,43,3.05,GF,1700476672
474,ekibastuz,51.6667,75.3667,-5.34,71,22,2.57,KZ,1700476674
475,murzuq,25.9155,13.9184,21.38,42,6,3.24,LY,1700476675
476,lepsy,46.235,78.9456,5.29,60,42,2.95,KZ,1700476677
477,khandyga,62.6667,135.6,-21.73,93,100,1.56,RU,1700476678
478,magong,23.5654,119.5863,22.23,69,34,11.64,TW,1700476680
479,taro,-8.3862,115.28,26.03,91,90,1.15,ID,1700476682
480,tongliao,43.6125,122.2653,2.35,72,4,6.02,CN,1700476683
481,bongor,10.2806,15.3722,34.96,14,89,3.51,TD,1700476685
482,gueugnon,46.6036,4.0629,11.75,93,100,3.42,FR,1700476686
483,kanniyakumari,8.0833,77.5667,28.98,71,84,1.14,IN,1700476688
484,richards bay,-28.783,32.0377,28.8,59,20,3.54,ZA,1700476689
485,norfolk,42.1668,-71.2495,1.4,83,0,0.0,US,1700476691
486,port saint john's,-31.6229,29.5448,26.98,66,88,4.61,ZA,1700476693
487,sai kung,22.3822,114.2728,22.32,65,0,4.74,CN,1700476695
488,arteche,12.2645,125.4048,26.04,92,100,5.04,PH,1700476697
489,enewetak,11.3474,162.3373,28.28,77,18,8.85,MH,1700476698
490,monrovia,6.3005,-10.7969,28.12,74,100,0.19,LR,1700476700
491,port-vila,-17.7338,168.3219,22.78,88,20,2.06,VU,1700476702
492,kaspiyskiy,45.3929,47.3707,10.93,81,100,5.71,RU,1700476703
493,nema,57.5067,50.5011,-5.59,66,100,3.12,RU,1700476705
494,san mariano,7.5,126.0,24.07,94,100,1.07,PH,1700476706
495,dawesville,30.9224,-84.0091,12.42,90,100,0.0,US,1700476708
496,zvenigovo,55.9742,48.0181,-6.47,55,100,5.08,RU,1700476709
497,la'ie,21.6477,-157.9253,23.58,77,83,4.82,US,1700476711
498,beacon square,28.2086,-82.7554,18.99,86,24,2.81,US,1700476712
499,akureyri,65.6835,-18.0878,0.96,75,20,6.69,IS,1700476714
500,howrah,22.5892,88.3103,28.0,54,40,2.06,IN,1700476715
501,port isabel,26.0734,-97.2086,23.02,87,0,5.14,US,1700476717
502,bejaia,36.7559,5.0843,23.6,33,0,8.23,DZ,1700476723
503,berezovo,63.9381,65.0419,-20.31,100,40,1.84,RU,1700476725
504,prince george,53.9166,-122.753,-0.77,75,75,3.09,CA,1700476726
505,yigo village,13.5361,144.8886,28.16,86,0,2.06,GU,1700476728
506,novodvinsk,64.4165,40.8122,-5.12,92,100,2.65,RU,1700476730
507,mutuali,-14.8706,37.0044,35.61,30,40,3.32,MZ,1700476731
508,sicuani,-14.2694,-71.2261,9.32,78,30,1.07,PE,1700476734
509,wisconsin rapids,44.3836,-89.8174,2.16,88,0,3.09,US,1700476735
510,goondiwindi,-28.55,150.3167,20.12,88,100,7.12,AU,1700476737
511,kone,-21.0595,164.8658,22.08,79,41,2.41,NC,1700476739
512,great bend,38.3645,-98.7648,10.34,98,100,2.57,US,1700476740
513,la mira,18.035,-102.3266,23.96,91,9,1.85,MX,1700476742
514,ndibene dahra,15.3338,-15.4766,29.99,25,100,4.42,SN,1700476743
515,lerwick,60.1545,-1.1494,7.0,83,100,8.59,GB,1700476745
516,vryburg,-26.9566,24.7284,35.48,18,61,7.46,ZA,1700476746
517,mugia,43.1041,-9.2179,14.95,75,100,8.04,ES,1700476748
518,zambezi,-13.5432,23.1047,39.56,16,83,1.77,ZM,1700476749
519,ginir,7.1333,40.7,21.82,53,89,3.3,ET,1700476750
520,topolobampo,25.6,-109.05,20.36,80,47,2.09,MX,1700476752
521,amet,25.3,73.9333,27.69,30,1,1.63,IN,1700476753
522,buala,-8.145,159.5921,27.03,86,75,1.68,SB,1700476755
523,mazatlan,23.2167,-106.4167,25.51,85,0,0.0,MX,1700476728
524,djougou,9.7085,1.666,33.35,15,71,3.46,BJ,1700476758
525,kuruman,-27.4524,23.4325,33.88,14,66,8.31,ZA,1700476761
526,taulaga,-11.0553,-171.0883,28.03,74,83,7.17,AS,1700476762
527,ouesso,1.6136,16.0517,32.05,49,89,0.93,CG,1700476764
528,mirabad,30.4362,61.8383,27.78,25,6,5.57,AF,1700476765
529,bada,51.392,109.8717,-5.47,86,98,1.88,RU,1700476766
530,concordia,-31.393,-58.0209,17.1,90,50,2.68,AR,1700476768
531,baranovichi,53.1327,26.0139,-0.62,43,80,5.09,BY,1700476769
532,poronaysk,49.2167,143.1167,-2.42,75,25,3.48,RU,1700476771
533,fedorovskiy,45.0972,40.9517,7.07,88,100,7.38,RU,1700476772
534,kolonia,50.9333,6.95,12.75,81,100,4.63,DE,1700476763
535,waingapu,-9.6567,120.2641,28.67,74,90,4.62,ID,1700476775
536,castillos,-34.1667,-53.8333,16.96,63,0,3.17,UY,1700476778
537,papao,-17.75,-149.55,24.82,95,100,10.73,PF,1700476779
538,rantoul,40.3084,-88.1559,8.01,80,40,4.12,US,1700476781
539,letlhakeng,-24.0944,25.0298,35.08,20,65,4.62,BW,1700476783
540,puerto ayacucho,5.6639,-67.6236,24.95,90,29,0.94,VE,1700476784
541,bermejillo,25.8833,-103.6167,17.24,41,0,0.65,MX,1700476786
542,volgodonsk,47.5136,42.1514,7.02,89,100,2.68,RU,1700476549
543,ashburton,-37.8626,145.0794,16.47,78,83,1.34,AU,1700476789
544,deir ez-zor,35.3359,40.1408,16.64,47,100,7.5,SY,1700476791
545,guiuan,11.0333,125.7247,28.19,77,100,5.92,PH,1700476792
546,fisterra,42.9049,-9.2629,14.86,74,100,8.49,ES,1700476795
547,rojhan,28.6868,69.9534,28.7,19,0,1.95,PK,1700476797
548,khuzdar,27.7384,66.6434,21.77,23,25,1.23,PK,1700476799
549,luna,10.9667,123.2333,26.01,86,100,4.08,PH,1700476800
550,sanshui,23.1549,112.8916,24.94,1,0,0.49,CN,1700476570
551,rodolfo sanchez taboada,31.7167,-116.5667,16.2,62,0,2.09,MX,1700476804
552,coquimbo,-29.9533,-71.3436,14.85,82,100,2.57,CL,1700476806
553,margate,51.3813,1.3862,10.5,89,96,1.79,GB,1700476552
554,bardai,11.65,7.2333,29.94,18,100,6.65,NG,1700476810
555,novoselytsya,48.2193,26.2653,6.99,99,100,1.4,UA,1700476812
556,ciudad lazaro cardenas,17.9583,-102.2,24.63,90,24,1.91,MX,1700476814
557,nowy tomysl,52.3195,16.1284,10.7,95,100,1.56,PL,1700476816
558,al bardiyah,31.7561,25.0865,20.09,53,0,6.68,LY,1700476817
559,ponta delgada,37.7333,-25.6667,16.4,82,20,3.6,PT,1700476819
560,jabat,7.75,168.9751,28.44,76,36,7.74,MH,1700476821
561,baise city,23.8997,106.6133,18.8,67,0,0.87,CN,1700476823
562,sailana,23.4667,74.9167,29.3,29,0,1.42,IN,1700476824
563,greenville,35.6127,-77.3663,1.09,100,0,0.0,US,1700476826
564,as sulayyil,20.4607,45.5779,32.14,26,100,5.04,SA,1700476827
565,aleksandrovsk-sakhalinskiy,50.8975,142.1561,-8.02,79,51,3.41,RU,1700476829
566,torghay,49.6339,63.4981,1.81,59,98,5.4,KZ,1700476830
567,petropavlivka,48.4564,36.4367,0.11,97,99,4.92,UA,1700476832
568,dame-marie,18.5667,-74.4167,25.17,81,89,4.21,HT,1700476834
569,prattville,32.464,-86.4597,8.14,90,75,0.0,US,1700476836
570,lacey,47.0343,-122.8232,4.44,95,100,1.54,US,1700476605
571,pointe michel,15.25,-61.3833,23.16,78,80,6.22,DM,1700476839
572,sao joao da barra,-21.6403,-41.0511,26.05,87,100,2.83,BR,1700476841
